,longitude,latitude
0,-5.1776547,50.040447
1,-5.520136,50.138527
2,-5.3524895,50.143494
3,-5.1847973,50.148216
4,-5.360052,50.25124
5,-5.1919837,50.255985
6,-5.023871,50.260483
7,-3.8460495,50.28517
8,-5.1992135,50.363747
9,-5.0307217,50.368263
10,-4.862188,50.37254
11,-4.6936145,50.376568
12,-4.525004,50.380352
13,-4.018973,50.39024
14,-3.8502367,50.393047
15,-3.681475,50.39561
16,-5.037614,50.476044
17,-4.868698,50.48033
18,-4.699743,50.484375
19,-4.53075,50.488174
20,-4.3617215,50.49173
21,-4.1926603,50.495037
22,-4.023569,50.498104
23,-3.8544493,50.50092
24,-3.6853037,50.50349
25,-3.5161347,50.505817
26,-4.8752484,50.588123
27,-4.7059083,50.592186
28,-4.5365305,50.595997
29,-4.367117,50.599567
30,-4.1976705,50.602886
31,-4.0281935,50.60596
32,-3.8586879,50.60879
33,-3.689156,50.611374
34,-3.5196009,50.61371
35,-1.9929308,50.62362
36,-4.712112,50.69999
37,-4.5423465,50.70382
38,-4.3725457,50.707397
39,-4.2027116,50.71073
40,-4.032846,50.71382
41,-3.8629522,50.71666
42,-3.6930323,50.71925
43,-3.5230882,50.721596
44,-3.353123,50.723694
45,-2.8431218,50.728497
46,-2.6730945,50.729603
47,-2.5030577,50.730457
48,-2.333014,50.731068
49,-2.1629653,50.73143
50,-1.9929146,50.731544
51,-1.312736,50.72952
52,-4.5481987,50.811634
53,-4.378008,50.81523
54,-4.207783,50.818577
55,-4.0375276,50.821674
56,-3.867243,50.824528
57,-3.696932,50.82713
58,-3.526597,50.82948
59,-3.3562405,50.831585
60,-3.1858644,50.833443
61,-3.015472,50.83505
62,-2.8450649,50.836407
63,-2.674646,50.837517
64,-2.5042171,50.83838
65,-2.3337815,50.83899
66,-2.163341,50.83935
67,-1.9928982,50.839466
68,-1.8224555,50.839333
69,-1.6520153,50.838947
70,-1.4815801,50.838314
71,-0.7999368,50.833298
72,-0.118565544,50.8243
73,0.22196989,50.818306
74,-4.5540867,50.91945
75,-4.3835034,50.923058
76,-4.2128863,50.92642
77,-4.0422378,50.929527
78,-3.87156,50.93239
79,-3.700856,50.935
80,-3.5301275,50.937363
81,-3.3593771,50.939476
82,-3.1886075,50.94134
83,-3.0178208,50.942955
84,-2.8470197,50.944317
85,-2.6762066,50.94543
86,-2.5053837,50.946297
87,-2.3345537,50.94691
88,-2.163719,50.947273
89,-1.9928818,50.947388
90,-1.8220447,50.947254
91,-1.6512102,50.94687
92,-1.4803807,50.94623
93,-1.3095586,50.945347
94,-1.1387463,50.944214
95,-0.9679463,50.94283
96,-0.79716104,50.941193
97,-0.6263929,50.939312
98,-0.4556443,50.937176
99,-0.28491774,50.934795
100,-0.1142156,50.93216
101,0.056459688,50.92928
102,0.2271057,50.926147
103,0.39772,50.922768
104,0.56830025,50.919136
105,-4.560011,51.027264
106,-4.389033,51.030884
107,-4.218021,51.034256
108,-4.046977,51.03738
109,-3.875904,51.040253
110,-3.7048042,51.042873
111,-3.5336797,51.045246
112,-3.3625333,51.047367
113,-3.1913674,51.049236
114,-3.0201845,51.050858
115,-2.8489869,51.052223
116,-2.677777,51.053345
117,-2.5065575,51.05421
118,-2.3353307,51.05483
119,-2.1640992,51.05519
120,-1.9928652,51.05531
121,-1.8216314,51.055172
122,-1.6504002,51.054787
123,-1.4791739,51.054146
124,-1.3079551,51.05326
125,-1.1367463,51.05212
126,-0.96554977,51.05073
127,-0.7943681,51.04909
128,-0.62320375,51.0472
129,-0.4520591,51.045055
130,-0.28093663,51.042664
131,-0.109838806,51.040024
132,0.061231956,51.03713
133,0.2322732,51.033985
134,0.4032825,51.030594
135,0.57425743,51.02695
136,0.7451955,51.023056
137,0.91609436,51.018913
138,-4.2231874,51.142094
139,-4.051746,51.14523
140,-3.8802748,51.14811
141,-3.7087767,51.15074
142,-3.5372539,51.153122
143,-3.365709,51.155254
144,-3.1941442,51.15713
145,-3.0225625,51.158756
146,-2.850966,51.16013
147,-2.679357,51.16125
148,-2.5077386,51.162125
149,-2.3361125,51.162743
150,-2.1644819,51.16311
151,-1.9928486,51.163223
152,-1.8212155,51.16309
153,-1.649585,51.1627
154,-1.4779596,51.16206
155,-1.3063416,51.161167
156,-1.1347338,51.160027
157,-0.96313834,51.15863
158,-0.7915579,51.156982
159,-0.6199949,51.155087
160,-0.4484517,51.152935
161,-0.2769309,51.15053
162,-0.10543494,51.14788
163,0.066033736,51.144978
164,0.23747265,51.141823
165,0.40887937,51.138416
166,0.5802514,51.134758
167,0.7515863,51.130848
168,0.9228817,51.12669
169,1.094135,51.12228
170,-4.056544,51.253075
171,-3.8846724,51.25597
172,-2.8529575,51.268032
173,-2.680947,51.26916
174,-2.5089269,51.270035
175,-2.3368993,51.270657
176,-2.1648667,51.271023
177,-1.9928318,51.27114
178,-1.8207971,51.271004
179,-1.6487648,51.270615
180,-1.4767377,51.26997
181,-1.3047183,51.269077
182,-1.1327089,51.26793
183,-0.960712,51.26653
184,-0.78873026,51.264874
185,-0.6167661,51.26297
186,-0.44482195,51.26081
187,-0.27290034,51.2584
188,-0.10100378,51.255737
189,0.070865266,51.252823
190,0.24270432,51.249653
191,0.4145109,51.246235
192,0.58628255,51.242565
193,0.75801677,51.23864
194,0.92971104,51.234467
195,1.1013631,51.230038
196,1.2729702,51.22536
197,-2.8549614,51.375935
198,-2.6825469,51.377068
199,-2.5101225,51.377945
200,-2.3376908,51.378567
201,-2.165254,51.378937
202,-1.992815,51.379055
203,-1.820376,51.378918
204,-1.6479397,51.378525
205,-1.4755083,51.37788
206,-1.3030847,51.37698
207,-1.1306714,51.375828
208,-0.9582706,51.374424
209,-0.7858851,51.372765
210,-0.6135172,51.37085
211,-0.44116965,51.368683
212,-0.26884475,51.366264
213,-0.096545115,51.36359
214,0.07572679,51.360664
215,0.24796847,51.357487
216,0.4201774,51.354053
217,0.5923511,51.35037
218,0.764487,51.346428
219,0.9365828,51.34224
220,1.1086358,51.337795
221,1.2806437,51.3331
222,-3.54811,51.476746
223,-3.3753548,51.4789
224,-3.2025793,51.4808
225,-2.8569777,51.483833
226,-2.6841567,51.48497
227,-2.5113258,51.48585
228,-2.3384874,51.486477
229,-2.165644,51.486847
230,-1.9927981,51.486965
231,-1.8199524,51.486828
232,-1.6471093,51.486435
233,-1.4742713,51.485786
234,-1.3014411,51.484886
235,-1.1286212,51.483727
236,-0.955814,51.482315
237,-0.78302217,51.48065
238,-0.6102482,51.47873
239,-0.4374946,51.476555
240,-0.26476392,51.474125
241,-0.0920587,51.471443
242,0.08061856,51.468506
243,0.25326535,51.465313
244,0.4258791,51.46187
245,0.59845734,51.458168
246,-3.724915,51.5822
247,-3.551774,51.584618
248,-3.3786101,51.586777
249,-3.2054257,51.588684
250,-3.0322237,51.590336
251,-2.6857765,51.592873
252,-2.5125365,51.593754
253,-2.3392887,51.594383
254,-2.1660361,51.594757
255,-1.992781,51.594875
256,-1.819526,51.594734
257,-1.6462736,51.59434
258,-1.4730265,51.593693
259,-1.2997872,51.592785
260,-1.1265582,51.591625
261,-0.9533421,51.59021
262,-0.7801414,51.588535
263,-0.60695875,51.58661
264,-0.43379667,51.584423
265,-0.26065767,51.581985
266,-0.08754432,51.579292
267,0.08554082,51.576344
268,0.25859523,51.57314
269,0.43161634,51.56968
270,0.6046017,51.565968
271,-4.943014,51.6659
272,-4.249504,51.68124
273,-4.076037,51.684437
274,-3.902539,51.687374
275,-3.7290127,51.69006
276,-3.555461,51.692486
277,-3.3818858,51.694656
278,-3.2082903,51.696568
279,-3.0346768,51.698227
280,-2.861048,51.699627
281,-2.6874065,51.70077
282,-2.5137546,51.70166
283,-2.3400953,51.70229
284,-2.1664307,51.702663
285,-1.9927639,51.70278
286,-1.819097,51.702644
287,-1.6454328,51.702248
288,-1.471774,51.701595
289,-1.2981229,51.700684
290,-1.1244823,51.69952
291,-0.9508547,51.698097
292,-0.77724266,51.69642
293,-0.6036488,51.694485
294,-0.43007562,51.69229
295,-0.25652575,51.689842
296,-0.08300175,51.68714
297,0.09049382,51.68418
298,0.2639584,51.68096
299,0.4373894,51.67749
300,0.6107843,51.673763
301,0.7841405,51.66978
302,-5.1237106,51.769176
303,-4.9500246,51.773666
304,-4.7762947,51.7779
305,-4.6025233,51.78188
306,-4.428713,51.7856
307,-4.2548666,51.789062
308,-4.0809865,51.79227
309,-3.9070756,51.79522
310,-3.7331362,51.797913
311,-3.5591707,51.80035
312,-3.3851821,51.80253
313,-3.2111728,51.80445
314,-3.0371454,51.806114
315,-2.8631024,51.80752
316,-2.6890466,51.80867
317,-2.5149806,51.80956
318,-2.3409069,51.810192
319,-2.166828,51.81057
320,-1.9927466,51.810688
321,-1.8186654,51.810547
322,-1.6445868,51.81015
323,-1.4705136,51.809494
324,-1.2964482,51.808582
325,-1.1223935,51.80741
326,-0.94835174,51.805984
327,-0.7743257,51.8043
328,-0.6003181,51.802357
329,-0.42633125,51.800156
330,-0.25236797,51.7977
331,-0.078430735,51.794987
332,0.09547782,51.792015
333,0.26935512,51.788784
334,0.4431986,51.785297
335,0.61700565,51.781555
336,0.7907737,51.777557
337,-5.131179,51.87692
338,-4.957079,51.881428
339,-4.7829347,51.885677
340,-4.608749,51.88967
341,-4.434524,51.893406
342,-4.2602625,51.896885
343,-4.085967,51.900105
344,-3.9116406,51.903065
345,-3.7372854,51.90577
346,-3.562904,51.908215
347,-3.388499,51.9104
348,-3.2140732,51.91233
349,-3.0396292,51.913998
350,-2.8651698,51.915413
351,-2.6906972,51.916565
352,-2.5162141,51.917458
353,-2.3417234,51.918095
354,-2.1672275,51.918472
355,-1.9927292,51.91859
356,-1.818231,51.91845
357,-1.6437354,51.918053
358,-1.4692452,51.917393
359,-1.2947631,51.916477
360,-1.1202915,51.915302
361,-0.9458331,51.91387
362,-0.7713905,51.912178
363,-0.59696645,51.91023
364,-0.42256343,51.90802
365,-0.24818408,51.905552
366,-0.07383106,51.90283
367,0.100493066,51.899845
368,0.2747857,51.896603
369,0.4490442,51.893105
370,0.623266,51.889347
371,0.79744846,51.885334
372,0.97158897,51.88106
373,1.1456851,51.87653
374,-5.138694,51.984657
375,-4.9641776,51.989185
376,-4.7896166,51.99345
377,-4.6150136,51.99746
378,-4.4403715,52.00121
379,-4.265692,52.0047
380,-4.090979,52.007935
381,-3.9162343,52.010906
382,-3.7414606,52.01362
383,-3.5666604,52.016075
384,-3.391837,52.01827
385,-3.216992,52.020206
386,-3.0421288,52.021885
387,-2.86725,52.0233
388,-2.692358,52.024456
389,-2.5174556,52.025356
390,-2.3425453,52.025993
391,-2.1676297,52.02637
392,-1.9927118,52.026493
393,-1.8177938,52.026352
394,-1.6428787,52.02595
395,-1.467969,52.02529
396,-1.2930672,52.024372
397,-1.1181762,52.023193
398,-0.9432986,52.02175
399,-0.76843685,52.020054
400,-0.5935938,52.018097
401,-0.4187719,52.01588
402,-0.24397393,52.013405
403,-0.069202475,52.01067
404,0.10553983,52.007675
405,0.28025037,52.00442
406,0.4549265,52.000908
407,0.6295656,51.997135
408,0.80416507,51.993107
409,0.9787223,51.988815
410,1.1532346,51.984272
411,-4.6213183,52.105247
412,-4.4462557,52.109013
413,-4.2711563,52.112514
414,-4.0960226,52.11576
415,-3.920857,52.118744
416,-3.7456622,52.12147
417,-3.5704408,52.123936
418,-3.3951955,52.126137
419,-3.2199292,52.128082
420,-3.044644,52.129765
421,-2.8693433,52.131187
422,-2.6940293,52.13235
423,-2.5187047,52.13325
424,-2.343372,52.133892
425,-2.1680343,52.134274
426,-1.9926941,52.13439
427,-1.817354,52.13425
428,-1.6420165,52.133846
429,-1.4666846,52.133186
430,-1.2913607,52.132263
431,-1.1160477,52.131077
432,-0.9407481,52.129635
433,-0.76546454,52.12793
434,-0.5901998,52.125965
435,-0.41495648,52.123737
436,-0.23973724,52.121254
437,-0.064544745,52.118507
438,0.11061837,52.1155
439,0.28574944,52.112232
440,0.46084583,52.108707
441,0.63590485,52.104923
442,0.81092393,52.100876
443,0.9859004,52.09657
444,1.1608317,52.092007
445,1.335715,52.08718
446,-4.452177,52.216812
447,-4.276655,52.22033
448,-4.101098,52.223587
449,-3.9255087,52.22658
450,-3.7498903,52.229317
451,-3.574245,52.231792
452,-3.3985755,52.234005
453,-3.222885,52.235954
454,-3.0471754,52.237644
455,-2.87145,52.23907
456,-2.6957111,52.24024
457,-2.5199616,52.241142
458,-2.3442044,52.241787
459,-2.1684418,52.24217
460,-1.9926764,52.24229
461,-1.8169113,52.242146
462,-1.641149,52.241745
463,-1.4653921,52.241077
464,-1.2896435,52.24015
465,-1.1139058,52.238964
466,-0.9381815,52.237514
467,-0.7624735,52.2358
468,-0.5867845,52.23383
469,-0.411117,52.231594
470,-0.23547383,52.2291
471,-0.059857618,52.22634
472,0.11572895,52.223324
473,0.29128322,52.220047
474,0.46680248,52.216507
475,0.6422841,52.212704
476,0.8177254,52.208645
477,0.9931238,52.204323
478,1.1684766,52.19974
479,1.343781,52.194897
480,1.5190345,52.189796
481,-4.1062055,52.33141
482,-3.93019,52.334415
483,-3.7541451,52.337162
484,-3.5780733,52.339645
485,-3.401977,52.341866
486,-3.2258592,52.343826
487,-3.0497227,52.34552
488,-2.87357,52.346954
489,-2.6974037,52.348125
490,-2.5212266,52.349033
491,-2.3450418,52.34968
492,-2.1688514,52.350063
493,-1.9926586,52.350185
494,-1.8164659,52.35004
495,-1.640276,52.349636
496,-1.4640915,52.34897
497,-1.2879153,52.348038
498,-1.1117502,52.346848
499,-0.9355987,52.34539
500,-0.75946355,52.343674
501,-0.5833475,52.34169
502,-0.4072532,52.339447
503,-0.23118344,52.336945
504,-0.055140853,52.334175
505,0.12087184,52.331146
506,0.29685196,52.327854
507,0.4727968,52.324303
508,0.6487037,52.320484
509,0.82456994,52.31641
510,1.0003928,52.31207
511,1.1761698,52.307472
512,1.351898,52.30261
513,1.5275748,52.29749
514,-4.1113453,52.439228
515,-3.934901,52.44225
516,-3.758427,52.445004
517,-3.5819256,52.4475
518,-3.4054,52.44973
519,-3.2288525,52.451694
520,-3.052286,52.453396
521,-2.875703,52.454838
522,-2.699107,52.456013
523,-2.5224998,52.456924
524,-2.3458846,52.457573
525,-2.1692638,52.45796
526,-1.9926407,52.458076
527,-1.8160176,52.457935
528,-1.6393974,52.457527
529,-1.4627826,52.45686
530,-1.2861763,52.455925
531,-1.109581,52.454727
532,-0.9329995,52.453266
533,-0.7564345,52.45154
534,-0.57988876,52.44955
535,-0.40336496,52.4473
536,-0.22686587,52.444786
537,-0.0503942,52.44201
538,0.12604733,52.438965
539,0.302456,52.43566
540,0.4788291,52.432095
541,0.6551639,52.428265
542,0.8314577,52.42417
543,1.0077078,52.419815
544,1.1839116,52.4152
545,1.3600662,52.41032
546,1.536169,52.405178
547,-3.9396417,52.55008
548,-3.7627358,52.552845
549,-3.5858026,52.555347
550,-3.4088447,52.557587
551,-3.2318647,52.559563
552,-3.0548656,52.56127
553,-2.87785,52.562714
554,-2.700821,52.563896
555,-2.5237808,52.56481
556,-2.3467326,52.56546
557,-2.169679,52.56585
558,-1.9926226,52.565968
559,-1.8155664,52.565826
560,-1.6385131,52.56542
561,-1.4614655,52.564743
562,-1.2844262,52.56381
563,-1.107398,52.562603
564,-0.9303838,52.56114
565,-0.7533862,52.559406
566,-0.576408,52.55741
567,-0.39945197,52.55515
568,-0.22252087,52.552624
569,-0.045617405,52.549835
570,0.13125566,52.546783
571,0.30809557,52.543465
572,0.48489964,52.539886
573,0.6616651,52.53604
574,0.8383892,52.531933
575,1.0150692,52.52756
576,1.1917025,52.522923
577,1.3682863,52.518024
578,1.5448178,52.512863
579,1.7212944,52.50744
580,-4.1217227,52.654865
581,-3.9444127,52.657906
582,-3.7670722,52.660686
583,-3.5897043,52.663197
584,-3.4123113,52.665443
585,-3.2348962,52.667427
586,-3.0574617,52.66914
587,-2.8800106,52.670593
588,-2.702546,52.671776
589,-2.5250702,52.672695
590,-2.3475862,52.673347
591,-2.1700966,52.673737
592,-1.9926045,52.67386
593,-1.8151125,52.673714
594,-1.6376233,52.673306
595,-1.4601399,52.67263
596,-1.2826649,52.671688
597,-1.1052011,52.670483
598,-0.9277514,52.66901
599,-0.75031847,52.66727
600,-0.5729051,52.665268
601,-0.3955141,52.663
602,-0.21814822,52.660465
603,-0.040810216,52.657665
604,0.13649713,52.6546
605,0.31377107,52.651268
606,0.49100882,52.647675
607,0.66820765,52.643814
608,0.84536475,52.63969
609,1.0224774,52.6353
610,1.1995429,52.630646
611,1.3765585,52.62573
612,1.5535214,52.62055
613,-3.9492142,52.76573
614,-3.7714365,52.76852
615,-3.5936308,52.77104
616,-3.4158,52.7733
617,-3.237947,52.775288
618,-3.0600743,52.77701
619,-2.882185,52.778465
620,-2.7042818,52.779655
621,-2.5263677,52.78058
622,-2.348445,52.781235
623,-2.170517,52.781624
624,-1.9925863,52.781746
625,-1.8146555,52.7816
626,-1.6367278,52.78119
627,-1.4588058,52.780514
628,-1.2808924,52.779568
629,-1.1029903,52.778355
630,-0.92510223,52.77688
631,-0.7472312,52.77513
632,-0.56937987,52.77312
633,-0.3915511,52.770844
634,-0.21374768,52.7683
635,-0.035972368,52.765488
636,0.14177203,52.762413
637,0.3194827,52.759068
638,0.49715692,52.75546
639,0.6747919,52.751583
640,0.85238475,52.747444
641,1.0299329,52.74304
642,1.2074333,52.738365
643,1.3848834,52.73343
644,1.5622804,52.728226
645,-4.66658,52.859688
646,-4.488503,52.863556
647,-3.9540462,52.873554
648,-3.7758284,52.876354
649,-3.5975823,52.878887
650,-3.419311,52.881153
651,-3.2410173,52.88315
652,-3.0627036,52.884876
653,-2.8843734,52.88634
654,-2.706029,52.887535
655,-2.5276735,52.88846
656,-2.3493094,52.88912
657,-2.17094,52.889507
658,-1.9925678,52.889633
659,-1.8141958,52.88949
660,-1.6358266,52.889072
661,-1.4574633,52.888393
662,-1.2791085,52.887444
663,-1.1007652,52.886227
664,-0.9224361,52.884743
665,-0.7441242,52.88299
666,-0.56583214,52.880974
667,-0.38756278,52.878685
668,-0.20931901,52.876133
669,-0.031103602,52.87331
670,0.14708063,52.87022
671,0.5033443,52.863243
672,0.6814181,52.859352
673,0.85944957,52.855194
674,1.0374358,52.850773
675,1.215374,52.84608
676,1.3932614,52.841125
677,1.5710953,52.835903
678,-4.4946933,52.971336
679,-4.3161345,52.974953
680,-4.137539,52.9783
681,-3.9589093,52.981377
682,-3.7802484,52.984188
683,-3.6015594,52.98673
684,-3.4228446,52.989002
685,-3.2441072,52.99101
686,-3.0653498,52.992744
687,-2.8865757,52.99421
688,-2.7077873,52.99541
689,-2.5289876,52.996338
690,-2.3501794,52.997
691,-2.1713657,52.99739
692,-1.9925493,52.997517
693,-1.813733,52.997368
694,-1.6349196,52.996956
695,-1.456112,52.996273
696,-1.2773132,52.99532
697,-1.0985259,52.9941
698,-0.91975296,52.992607
699,-0.74099725,52.99085
700,-0.5622616,52.988823
701,-0.38354892,52.986526
702,-0.20486197,52.983963
703,-0.026203655,52.98113
704,0.6880868,52.967117
705,0.86655957,52.962944
706,1.0449867,52.958504
707,1.2233655,52.953796
708,-4.3219194,53.082745
709,-4.1428785,53.086105
710,-3.9638035,53.089195
711,-3.784697,53.09202
712,-3.6055617,53.09457
713,-3.426401,53.09685
714,-3.247217,53.09886
715,-3.0680132,53.100605
716,-2.888792,53.102077
717,-2.7095568,53.103283
718,-2.5303102,53.104218
719,-2.3510551,53.10488
720,-2.1717942,53.105274
721,-1.9925307,53.105396
722,-1.8132672,53.10525
723,-1.6340067,53.104836
724,-1.4547522,53.10415
725,-1.2755064,53.10319
726,-1.0962722,53.101967
727,-0.9170525,53.10047
728,-0.7378502,53.098705
729,-0.5586682,53.096672
730,-0.37950924,53.094368
731,-0.20037633,53.091793
732,-0.021272257,53.088947
733,0.1578001,53.085835
734,-4.3277416,53.190536
735,-4.148253,53.19391
736,-3.9687293,53.19701
737,-3.789174,53.199844
738,-3.60959,53.202404
739,-3.42998,53.204697
740,-3.250347,53.20672
741,-3.0706935,53.208466
742,-2.891023,53.209946
743,-2.7113378,53.211155
744,-2.5316412,53.21209
745,-2.3519363,53.212757
746,-2.1722255,53.213154
747,-1.9925119,53.213276
748,-1.8127985,53.21313
749,-1.6330881,53.21271
750,-1.4533836,53.212025
751,-1.273688,53.211063
752,-1.094004,53.209835
753,-0.9143347,53.208332
754,-0.7346829,53.20656
755,-0.5550516,53.204517
756,-0.3754436,53.2022
757,-0.19586182,53.19962
758,-0.016309138,53.196762
759,0.16321155,53.193638
760,-4.513503,53.294666
761,-4.3336015,53.298325
762,-4.1536617,53.301712
763,-3.6136441,53.31024
764,-3.433582,53.312542
765,-3.253497,53.31457
766,-3.0733912,53.316326
767,-2.8932679,53.31781
768,-2.7131302,53.319023
769,-2.5329812,53.319965
770,-2.3528233,53.320633
771,-2.1726594,53.32103
772,-1.992493,53.321156
773,-1.8123267,53.321007
774,-1.6321634,53.320587
775,-1.4520061,53.319897
776,-1.2718577,53.31893
777,-1.0917212,53.317696
778,-0.91159934,53.31619
779,-0.73149526,53.31441
780,-0.55141175,53.31236
781,-0.37135175,53.310036
782,-0.19131821,53.30744
783,-0.011314025,53.304577
784,0.16865788,53.30144
785,-4.519854,53.40244
786,-4.339499,53.406113
787,-3.0761063,53.424183
788,-2.8955276,53.425674
789,-2.7149343,53.42689
790,-2.5343294,53.427837
791,-2.353716,53.42851
792,-2.1730964,53.428905
793,-1.9924741,53.42903
794,-1.8118519,53.428883
795,-1.6312329,53.428463
796,-1.4506198,53.42777
797,-1.2700157,53.4268
798,-1.0894235,53.42556
799,-0.9088463,53.424046
800,-0.7282869,53.42226
801,-0.5477483,53.4202
802,-0.36723346,53.41787
803,-0.18674523,53.415264
804,-0.006286639,53.412388
805,0.1741394,53.409237
806,-3.0788388,53.53204
807,-2.8978019,53.533535
808,-2.7167501,53.534756
809,-2.5356865,53.535706
810,-2.3546143,53.536377
811,-2.173536,53.536777
812,-1.9924549,53.536903
813,-1.811374,53.536755
814,-1.6302962,53.53633
815,-1.4492245,53.535637
816,-1.2681618,53.534664
817,-1.0871111,53.53342
818,-0.9060755,53.531902
819,-0.72505784,53.53011
820,-0.5440612,53.52804
821,-0.36308846,53.5257
822,-0.18214265,53.523087
823,-0.0012266997,53.520195
824,-3.0815892,53.639893
825,-2.900091,53.64139
826,-2.7185776,53.64262
827,-2.5370524,53.64357
828,-2.3555183,53.64425
829,-2.1739786,53.64465
830,-1.9924357,53.644775
831,-1.810893,53.644627
832,-1.6293534,53.644203
833,-1.4478201,53.6435
834,-1.2662958,53.64253
835,-1.0847836,53.641277
836,-0.90328664,53.63975
837,-0.7218078,53.637955
838,-0.5403501,53.63588
839,-0.35891658,53.633526
840,-0.17751017,53.6309
841,-2.9023948,53.74925
842,-2.720417,53.75048
843,-2.5384274,53.75144
844,-2.3564286,53.752117
845,-2.174424,53.752518
846,-1.9924164,53.752647
847,-1.8104088,53.752495
848,-1.6284046,53.75207
849,-1.4464065,53.75137
850,-1.2644175,53.75039
851,-1.082441,53.749134
852,-0.9004796,53.747604
853,-0.71853656,53.745796
854,-0.5366149,53.743713
855,-0.35471755,53.741352
856,-0.17284758,53.738716
857,0.008991977,53.735806
858,-2.9047139,53.857105
859,-2.7222686,53.85834
860,-2.5398111,53.8593
861,-2.3573446,53.85998
862,-2.1748722,53.860386
863,-1.9923968,53.860516
864,-1.8099216,53.860363
865,-1.6274495,53.859936
866,-1.4449837,53.85923
867,-1.2625272,53.85825
868,-1.080083,53.856987
869,-0.8976543,53.85545
870,-0.71524405,53.853638
871,-0.5328553,53.851547
872,-0.35049114,53.84918
873,-0.16815458,53.84653
874,-2.907048,53.96496
875,-2.724132,53.966198
876,-2.541204,53.967163
877,-2.3582668,53.967846
878,-2.1753235,53.968254
879,-1.9923772,53.96838
880,-1.8094311,53.968227
881,-1.6264882,53.9678
882,-1.4435517,53.96709
883,-1.2606244,53.966106
884,-1.0777097,53.96484
885,-0.8948105,53.9633
886,-0.71193,53.961475
887,-0.52907115,53.959377
888,-0.3462371,53.956997
889,-6.5698314,53.989323
890,-2.9093974,54.072807
891,-2.726008,54.074055
892,-2.5426059,54.07502
893,-2.3591948,54.075706
894,-2.1757777,54.076115
895,-1.9923575,54.076244
896,-1.8089374,54.07609
897,-1.6255206,54.07566
898,-1.4421102,54.07495
899,-1.2587092,54.07396
900,-1.0753207,54.07269
901,-0.89194804,54.07114
902,-0.70859414,54.069313
903,-0.5252622,54.067204
904,-0.34195518,54.06482
905,-7.3127127,54.066708
906,-6.5816665,54.096844
907,-6.3987036,54.103683
908,-6.2156663,54.110245
909,-6.0325575,54.11653
910,-4.565483,54.156776
911,-2.727896,54.181908
912,-2.544017,54.182877
913,-2.360129,54.183567
914,-2.1762347,54.18398
915,-1.9923376,54.184105
916,-1.8084404,54.183956
917,-1.6245466,54.18352
918,-1.4406593,54.182808
919,-1.2567813,54.181812
920,-1.0729162,54.18054
921,-0.8890668,54.17898
922,-0.7052365,54.177147
923,-0.52142817,54.17503
924,-0.33764517,54.172634
925,-7.8752613,54.148506
926,-7.692438,54.157314
927,-7.5095186,54.165848
928,-7.3265057,54.174107
929,-7.143402,54.182087
930,-6.776936,54.197212
931,-6.5935793,54.204357
932,-6.410145,54.211227
933,-6.2266345,54.217815
934,-6.0430527,54.224125
935,-4.572173,54.264526
936,-3.282785,54.285145
937,-3.0984733,54.286964
938,-2.9141426,54.2885
939,-2.7297964,54.28976
940,-2.5454376,54.290733
941,-2.3610694,54.291428
942,-2.176695,54.291836
943,-1.9923176,54.291965
944,-1.8079402,54.291813
945,-1.6235663,54.291378
946,-1.4391987,54.290665
947,-1.2548409,54.289665
948,-1.0704957,54.288383
949,-0.88616663,54.286823
950,-0.7018567,54.28498
951,-0.517569,54.282856
952,-7.8905563,54.2558
953,-7.7072635,54.26464
954,-7.5238733,54.27321
955,-7.3403893,54.281498
956,-7.1568136,54.289513
957,-6.97315,54.297245
958,-6.789401,54.304695
959,-6.6055703,54.31187
960,-6.4216604,54.318764
961,-6.237675,54.32538
962,-6.053617,54.331715
963,-5.8694887,54.33777
964,-5.6852946,54.34354
965,-4.5789075,54.372276
966,-3.4709191,54.390865
967,-3.2861469,54.392975
968,-3.1013525,54.394802
969,-2.916539,54.396347
970,-2.7317095,54.39761
971,-2.5468674,54.398586
972,-2.362016,54.399284
973,-2.1771584,54.399696
974,-1.9922974,54.399826
975,-1.8074368,54.399673
976,-1.6225795,54.399235
977,-1.4377286,54.398518
978,-1.2528875,54.397514
979,-1.0680593,54.39623
980,-0.8832473,54.39466
981,-0.69845456,54.39281
982,-0.51368433,54.39068
983,-8.089615,54.353924
984,-7.905951,54.363083
985,-7.722186,54.371964
986,-7.5383224,54.380566
987,-7.354364,54.38889
988,-7.1703134,54.39693
989,-6.9861736,54.404694
990,-6.8019485,54.412178
991,-6.6176405,54.41938
992,-6.4332523,54.4263
993,-6.2487884,54.43294
994,-6.0642505,54.4393
995,-5.8796425,54.445377
996,-5.6949677,54.451176
997,-5.5102286,54.456688
998,-3.474789,54.498688
999,-3.289531,54.500805
1000,-3.1042504,54.50264
1001,-2.9189508,54.50419
1002,-2.7336352,54.505455
1003,-2.5483067,54.50644
1004,-2.362969,54.507137
1005,-2.1776245,54.50755
1006,-1.9922771,54.507683
1007,-1.80693,54.507526
1008,-1.6215861,54.507088
1009,-1.4362488,54.506367
1010,-1.2509212,54.50536
1011,-1.0656068,54.50407
1012,-0.8803087,54.5025
1013,-0.69503,54.50064
1014,-8.105586,54.46117
1015,-7.9214473,54.470367
1016,-7.7372065,54.479282
1017,-7.5528665,54.48792
1018,-7.3684306,54.496273
1019,-7.1839023,54.50435
1020,-6.9992833,54.512142
1021,-6.8145785,54.519653
1022,-6.62979,54.526882
1023,-6.444921,54.533833
1024,-6.259975,54.5405
1025,-6.0749545,54.546883
1026,-5.8898635,54.552986
1027,-5.7047048,54.558804
1028,-3.4786844,54.606506
1029,-3.2929375,54.60863
1030,-3.107168,54.610474
1031,-2.9213789,54.61203
1032,-2.7355738,54.6133
1033,-2.5497556,54.61429
1034,-2.363928,54.61499
1035,-2.178094,54.615406
1036,-1.9922568,54.615536
1037,-1.8064197,54.615383
1038,-1.620586,54.61494
1039,-1.4347591,54.614216
1040,-1.248942,54.613205
1041,-1.063138,54.61191
1042,-8.121662,54.568413
1043,-7.937046,54.577644
1044,-7.7523265,54.586594
1045,-7.567507,54.595264
1046,-7.3825903,54.603653
1047,-7.1975803,54.61176
1048,-7.01248,54.619583
1049,-6.827292,54.627125
1050,-6.6420197,54.634384
1051,-6.4566665,54.64136
1052,-6.2712355,54.648056
1053,-6.0857296,54.654465
1054,-5.900152,54.66059
1055,-3.482606,54.71432
1056,-3.2963667,54.716457
1057,-3.1101046,54.718307
1058,-2.9238229,54.719868
1059,-2.737525,54.721146
1060,-2.5512142,54.722137
1061,-2.3648934,54.72284
1062,-2.1785665,54.723255
1063,-1.9922363,54.72339
1064,-1.8059062,54.723232
1065,-1.6195794,54.722794
1066,-1.4332595,54.722065
1067,-7.9527473,54.684917
1068,-7.767546,54.693905
1069,-7.582244,54.702606
1070,-7.396844,54.71103
1071,-7.2113495,54.719166
1072,-7.0257635,54.72702
1073,-6.84009,54.734592
1074,-6.6543307,54.741882
1075,-6.46849,54.748886
1076,-6.282571,54.755608
1077,-6.0965757,54.76204
1078,-5.910509,54.768192
1079,-5.7243733,54.774055
1080,-4.606293,54.803253
1081,-4.419766,54.807117
1082,-3.2998188,54.82428
1083,-3.113061,54.826138
1084,-2.9262834,54.827705
1085,-2.7394896,54.828987
1086,-2.5526824,54.829983
1087,-2.3658655,54.83069
1088,-2.179042,54.83111
1089,-1.9922155,54.831238
1090,-1.8053892,54.83108
1091,-1.6185662,54.83064
1092,-1.4317499,54.82991
1093,-7.5970783,54.809944
1094,-7.411192,54.818398
1095,-7.2252097,54.82657
1096,-7.0391355,54.834457
1097,-6.8529725,54.84206
1098,-6.6667233,54.849377
1099,-6.480392,54.856407
1100,-6.293981,54.863155
1101,-6.1074944,54.869614
1102,-5.9209347,54.87579
1103,-5.1740336,54.897625
1104,-4.9871593,54.902367
1105,-4.8002315,54.906822
1106,-4.6132536,54.910988
1107,-4.4262295,54.914867
1108,-4.2391624,54.91846
1109,-4.0520554,54.921764
1110,-3.8649113,54.92478
1111,-3.6777344,54.92751
1112,-3.3032937,54.932102
1113,-3.116037,54.933964
1114,-2.9287603,54.93554
1115,-2.741467,54.93683
1116,-2.5541604,54.937824
1117,-2.366844,54.938534
1118,-2.1795208,54.938953
1119,-1.9921948,54.939087
1120,-1.8048687,54.93893
1121,-1.6175461,54.938488
1122,-1.4302304,54.93775
1123,-7.425635,54.925766
1124,-7.2391624,54.933968
1125,-7.0525966,54.941887
1126,-6.865941,54.94952
1127,-6.6791987,54.956863
1128,-6.4923735,54.963924
1129,-6.305468,54.9707
1130,-6.118486,54.977184
1131,-4.9951653,55.010067
1132,-4.8077383,55.014538
1133,-4.6202607,55.018723
1134,-4.4327364,55.022617
1135,-4.2451687,55.026226
1136,-4.0575604,55.02954
1137,-3.8699155,55.03257
1138,-3.6822367,55.03531
1139,-3.4945278,55.03776
1140,-3.306792,55.03992
1141,-3.1190329,55.04179
1142,-2.9312537,55.043373
1143,-2.7434576,55.044666
1144,-2.5556483,55.045666
1145,-2.3678288,55.04638
1146,-2.180003,55.046803
1147,-1.9921738,55.046936
1148,-1.8043447,55.046776
1149,-1.6165192,55.04633
1150,-7.4401746,55.033127
1151,-7.2532077,55.041363
1152,-7.0661473,55.049313
1153,-6.878996,55.056976
1154,-6.691757,55.06435
1155,-6.5044346,55.071438
1156,-6.3170314,55.07824
1157,-6.1295505,55.08475
1158,-5.0032253,55.117764
1159,-4.8152957,55.122253
1160,-4.627315,55.126457
1161,-4.439287,55.130367
1162,-4.2512155,55.133987
1163,-4.0631027,55.137318
1164,-3.874953,55.140358
1165,-3.6867692,55.14311
1166,-3.4985552,55.14557
1167,-3.310314,55.147736
1168,-3.122049,55.149616
1169,-2.9337637,55.151203
1170,-2.7454617,55.1525
1171,-2.557146,55.153507
1172,-2.3688204,55.15422
1173,-2.1804883,55.154644
1174,-1.9921527,55.154778
1175,-1.8038173,55.15462
1176,-1.6154853,55.154175
1177,-6.8921385,55.16443
1178,-6.7044,55.171833
1179,-6.516577,55.178947
1180,-6.3286724,55.185776
1181,-6.1406894,55.192314
1182,-4.8229036,55.22997
1183,-4.6344166,55.234184
1184,-4.445882,55.238113
1185,-4.2573028,55.24175
1186,-4.068682,55.24509
1187,-3.8800244,55.248142
1188,-3.6913323,55.250904
1189,-3.5026095,55.253376
1190,-3.3138595,55.25555
1191,-3.1250854,55.25744
1192,-2.936291,55.259033
1193,-2.7474792,55.260334
1194,-2.558654,55.261345
1195,-2.369819,55.262062
1196,-2.1809769,55.26249
1197,-1.9921315,55.262623
1198,-1.8032862,55.262463
1199,-1.6144446,55.262012
1200,-4.6415663,55.34191
1201,-4.452521,55.345856
1202,-4.2634306,55.349506
1203,-4.0742993,55.352863
1204,-3.88513,55.355927
1205,-3.6959262,55.3587
1206,-3.5066912,55.36118
1207,-3.3174288,55.363365
1208,-3.128142,55.365257
1209,-2.938835,55.36686
1210,-2.7495105,55.368164
1211,-2.5601723,55.36918
1212,-2.3708239,55.3699
1213,-2.1814687,55.370327
1214,-1.99211,55.370464
1215,-1.8027517,55.370304
1216,-1.6133968,55.369854
1217,-5.784974,55.419735
1218,-4.6487637,55.44964
1219,-4.4592047,55.453594
1220,-4.2696004,55.45726
1221,-4.0799546,55.460632
1222,-3.8902702,55.463707
1223,-3.700551,55.46649
1224,-3.5108006,55.46898
1225,-3.3210223,55.471176
1226,-3.1312196,55.473076
1227,-2.9413962,55.47468
1228,-2.7515554,55.475994
1229,-2.5617008,55.477013
1230,-2.3718357,55.477737
1231,-2.1819637,55.47817
1232,-1.9920886,55.478302
1233,-1.8022134,55.47814
1234,-1.6123419,55.477688
1235,-5.605584,55.533077
1236,-5.2259297,55.54367
1237,-4.65601,55.557358
1238,-4.465934,55.561333
1239,-4.2758117,55.565014
1240,-4.0856476,55.568398
1241,-3.895445,55.571487
1242,-3.705207,55.57428
1243,-3.5149376,55.57678
1244,-3.3246403,55.578983
1245,-3.134318,55.580894
1246,-2.943975,55.582504
1247,-2.7536142,55.583824
1248,-2.5632396,55.584846
1249,-2.3728542,55.58557
1250,-2.1824622,55.586002
1251,-1.9920669,55.58614
1252,-1.8016715,55.58598
1253,-5.615476,55.640697
1254,-5.4251623,55.646164
1255,-5.2347846,55.651337
1256,-4.6633053,55.665077
1257,-4.4727087,55.669067
1258,-4.2820654,55.672764
1259,-4.0913796,55.67616
1260,-3.900655,55.679264
1261,-3.709895,55.682068
1262,-3.519103,55.684578
1263,-3.3282826,55.68679
1264,-3.1374373,55.688705
1265,-2.946571,55.690327
1266,-2.755687,55.69165
1267,-2.5647888,55.692677
1268,-2.37388,55.693405
1269,-2.182964,55.69384
1270,-1.992045,55.693974
1271,-6.1975203,55.73008
1272,-5.625435,55.748318
1273,-5.4345994,55.753807
1274,-4.6706505,55.772797
1275,-4.4795294,55.776802
1276,-4.2883615,55.78051
1277,-4.097151,55.783924
1278,-3.9059007,55.787037
1279,-3.7146146,55.789852
1280,-3.5232966,55.792374
1281,-3.33195,55.794594
1282,-3.140578,55.79652
1283,-2.949185,55.798145
1284,-2.7577739,55.799473
1285,-2.5663486,55.800503
1286,-2.3749125,55.801235
1287,-2.1834695,55.80167
1288,-6.400184,55.830925
1289,-6.209119,55.83762
1290,-5.635462,55.855934
1291,-5.444101,55.861443
1292,-4.869644,55.87619
1293,-4.6780457,55.880512
1294,-4.486397,55.884533
1295,-4.2947006,55.888256
1296,-4.102961,55.89168
1297,-3.911182,55.89481
1298,-3.7193666,55.897636
1299,-3.5275187,55.900166
1300,-3.335642,55.902397
1301,-3.1437402,55.904327
1302,-2.9518166,55.905964
1303,-2.7598748,55.907295
1304,-2.567919,55.90833
1305,-2.3759522,55.909065
1306,-2.1839783,55.909504
1307,-6.0291247,55.951588
1308,-5.645557,55.963547
1309,-5.4536676,55.969078
1310,-5.2617126,55.97431
1311,-5.069696,55.979248
1312,-4.6854916,55.988224
1313,-4.493311,55.99226
1314,-4.301083,55.996
1315,-4.1088114,55.99944
1316,-3.9164994,56.00258
1317,-3.7241511,56.005417
1318,-3.53177,56.007957
1319,-3.3393598,56.010197
1320,-2.7619905,56.015118
1321,-2.5695002,56.016155
1322,-5.848073,56.0653
1323,-5.4632993,56.07671
1324,-5.2708116,56.081966
1325,-5.0782614,56.08692
1326,-4.8856525,56.091576
1327,-4.6929884,56.095932
1328,-4.5002728,56.099987
1329,-4.307509,56.10374
1330,-4.1147013,56.107193
1331,-3.9218533,56.110344
1332,-3.7289684,56.113197
1333,-3.5360503,56.115746
1334,-3.3431027,56.117996
1335,-5.472997,56.18434
1336,-5.279973,56.189617
1337,-5.0868855,56.19459
1338,-4.8937387,56.199265
1339,-4.7005363,56.20364
1340,-4.5072823,56.20771
1341,-4.313979,56.21148
1342,-4.120632,56.214947
1343,-3.927244,56.21811
1344,-3.7338188,56.220974
1345,-3.54036,56.223534
1346,-3.3468716,56.225792
1347,-3.153357,56.22775
1348,-2.9598203,56.2294
1349,-2.7662652,56.23075
1350,-5.482762,56.291965
1351,-5.2891974,56.297264
1352,-5.095569,56.30226
1353,-4.901881,56.306953
1354,-4.7081366,56.311344
1355,-4.51434,56.31543
1356,-4.320494,56.319214
1357,-4.1266036,56.322697
1358,-3.9326718,56.325874
1359,-3.7387025,56.328747
1360,-3.5446994,56.331318
1361,-3.3506663,56.333588
1362,-3.156607,56.33555
1363,-2.9625251,56.337208
1364,-6.0744967,56.381813
1365,-5.8806033,56.388042
1366,-5.492594,56.39959
1367,-5.2984853,56.404907
1368,-5.1043124,56.409924
1369,-4.9100795,56.414635
1370,-4.7157893,56.419044
1371,-4.521446,56.42315
1372,-4.327054,56.42695
1373,-4.1326165,56.430443
1374,-3.9381373,56.433636
1375,-3.7436202,56.43652
1376,-3.549069,56.439102
1377,-3.3544874,56.44138
1378,-3.1598792,56.443348
1379,-2.9652486,56.445015
1380,-6.0860357,56.48936
1381,-5.891597,56.495613
1382,-5.6970816,56.501564
1383,-5.307838,56.51255
1384,-5.1131167,56.517586
1385,-4.9183345,56.522316
1386,-4.723495,56.526745
1387,-4.528602,56.530865
1388,-4.3336596,56.53468
1389,-4.138671,56.53819
1390,-3.9436405,56.541393
1391,-3.7485716,56.544292
1392,-3.5534687,56.546883
1393,-3.3583348,56.549168
1394,-3.1631744,56.551147
1395,-2.9679909,56.552822
1396,-2.7727885,56.554188
1397,-6.2925625,56.59032
1398,-6.097655,56.596905
1399,-5.9026666,56.603184
1400,-5.707601,56.609158
1401,-5.317255,56.62019
1402,-5.1219816,56.625244
1403,-4.9266467,56.629997
1404,-4.731254,56.63444
1405,-4.5358076,56.638577
1406,-4.3403106,56.64241
1407,-4.1447678,56.64593
1408,-3.949182,56.64915
1409,-3.753558,56.652058
1410,-3.557899,56.654663
1411,-3.362209,56.656956
1412,-3.1664922,56.658943
1413,-2.9707525,56.660625
1414,-2.7749932,56.661995
1415,-2.5792186,56.66306
1416,-6.1093545,56.704445
1417,-5.9138126,56.71075
1418,-5.7181935,56.716747
1419,-5.5225005,56.72244
1420,-5.3267374,56.727825
1421,-5.1309085,56.732903
1422,-4.935017,56.73767
1423,-4.7390676,56.742134
1424,-4.543063,56.74629
1425,-4.347008,56.750134
1426,-4.1509066,56.753674
1427,-3.954762,56.756905
1428,-3.7585785,56.759827
1429,-3.56236,56.76244
1430,-3.3661103,56.764744
1431,-3.1698334,56.76674
1432,-2.9735332,56.768425
1433,-2.7772133,56.769802
1434,-2.580878,56.77087
1435,-5.72886,56.824337
1436,-5.5326085,56.83005
1437,-5.336286,56.835457
1438,-5.1398973,56.840557
1439,-4.9434457,56.845345
1440,-4.746935,56.849827
1441,-4.5503693,56.853996
1442,-4.3537526,56.85786
1443,-4.1570883,56.861412
1444,-3.960381,56.864655
1445,-3.7636344,56.867588
1446,-3.5668523,56.870213
1447,-3.370039,56.872528
1448,-3.1731977,56.87453
1449,-2.9763331,56.876225
1450,-2.779449,56.877605
1451,-2.582549,56.87868
1452,-2.3856373,56.879444
1453,-5.7396007,56.931923
1454,-5.542787,56.93766
1455,-5.345902,56.94309
1456,-5.148949,56.948208
1457,-4.9519334,56.953014
1458,-4.7548575,56.957516
1459,-4.557727,56.961704
1460,-4.3605437,56.96558
1461,-4.1633134,56.96915
1462,-3.9660397,56.972404
1463,-3.7687259,56.97535
1464,-3.5713763,56.977985
1465,-3.3739948,56.98031
1466,-3.176586,56.98232
1467,-2.979153,56.98402
1468,-2.7817001,56.98541
1469,-2.5842316,56.98649
1470,-2.3867514,56.987255
1471,-6.3420854,57.020355
1472,-5.7504168,57.0395
1473,-5.5530367,57.045265
1474,-5.3555846,57.050716
1475,-5.1580644,57.055855
1476,-4.96048,57.060684
1477,-4.762836,57.0652
1478,-4.5651355,57.06941
1479,-4.367383,57.0733
1480,-4.1695824,57.07688
1481,-3.9717376,57.080154
1482,-3.7738528,57.08311
1483,-3.5759318,57.085754
1484,-3.3779788,57.08809
1485,-3.1799977,57.090107
1486,-2.9819925,57.091816
1487,-2.7839673,57.093212
1488,-2.585926,57.09429
1489,-2.3878732,57.095062
1490,-2.1898122,57.09552
1491,-5.5633583,57.152866
1492,-5.3653355,57.15834
1493,-5.167244,57.1635
1494,-4.9690876,57.16835
1495,-4.77087,57.172886
1496,-4.5725965,57.17711
1497,-4.3742704,57.18102
1498,-4.175895,57.184616
1499,-3.977476,57.187897
1500,-3.779016,57.19087
1501,-3.5805194,57.193523
1502,-3.3819907,57.195866
1503,-3.1834335,57.197895
1504,-2.984852,57.199608
1505,-2.7862504,57.201008
1506,-2.5876327,57.202095
1507,-2.3890028,57.20287
1508,-2.1903648,57.203327
1509,-7.3573494,57.196938
1510,-6.1690903,57.2421
1511,-5.9707246,57.248535
1512,-5.7722774,57.254658
1513,-5.573753,57.260464
1514,-5.375155,57.26596
1515,-5.176488,57.271145
1516,-4.977755,57.276012
1517,-4.7789617,57.280567
1518,-4.5801105,57.284805
1519,-4.381206,57.28873
1520,-4.182253,57.292343
1521,-3.9832547,57.29564
1522,-3.7842155,57.298622
1523,-3.5851395,57.30129
1524,-3.386031,57.303642
1525,-3.1868935,57.30568
1526,-2.9877317,57.3074
1527,-2.7885497,57.308807
1528,-2.5893512,57.3099
1529,-2.3901405,57.310673
1530,-2.1909218,57.311134
1531,-7.3729906,57.30427
1532,-6.380146,57.342846
1533,-6.18129,57.34962
1534,-5.584221,57.36806
1535,-5.385044,57.37358
1536,-5.185797,57.378784
1537,-4.9864845,57.38367
1538,-4.78711,57.388245
1539,-4.5876775,57.3925
1540,-4.388191,57.396446
1541,-4.1886554,57.40007
1542,-3.9890742,57.40338
1543,-3.7894518,57.406376
1544,-3.5897923,57.409054
1545,-3.3900998,57.411415
1546,-3.1903782,57.41346
1547,-2.9906318,57.415188
1548,-2.790865,57.416603
1549,-2.5910816,57.417698
1550,-2.3912861,57.418476
1551,-2.1914823,57.418938
1552,-1.9916747,57.419083
1553,-7.3887424,57.411602
1554,-6.592357,57.443214
1555,-6.3930125,57.450333
1556,-6.193577,57.457134
1557,-5.794448,57.469795
1558,-5.594763,57.475655
1559,-5.3950033,57.481194
1560,-5.195173,57.48642
1561,-4.9952755,57.49133
1562,-4.7953157,57.495922
1563,-4.595298,57.500195
1564,-4.3952255,57.504154
1565,-4.195103,57.507797
1566,-3.9949353,57.51112
1567,-3.7947254,57.514126
1568,-3.5944781,57.516815
1569,-3.3941975,57.519188
1570,-3.1938875,57.52124
1571,-2.9935527,57.522976
1572,-2.793197,57.524395
1573,-2.5928247,57.525494
1574,-2.39244,57.526276
1575,-2.192047,57.52674
1576,-1.9916501,57.526886
1577,-7.205087,57.527336
1578,-6.2059503,57.564648
1579,-5.6053796,57.583244
1580,-5.405033,57.588806
1581,-5.2046146,57.594055
1582,-5.004129,57.598984
1583,-4.8035803,57.603596
1584,-4.6029725,57.607887
1585,-4.4023104,57.611862
1586,-4.201597,57.615517
1587,-4.000838,57.618855
1588,-3.8000367,57.621876
1589,-3.5991974,57.624577
1590,-3.3983243,57.626957
1591,-3.1974218,57.62902
1592,-2.9964943,57.630764
1593,-2.7955456,57.632187
1594,-2.59458,57.63329
1595,-2.3936021,57.634075
1596,-2.1926157,57.63454
1597,-1.9916254,57.63469
1598,-7.420581,57.626247
1599,-7.2204795,57.634693
1600,-6.218412,57.672157
1601,-5.616072,57.69083
1602,-5.415134,57.696415
1603,-5.2141237,57.701687
1604,-5.0130453,57.706635
1605,-4.8119035,57.711266
1606,-4.610702,57.715576
1607,-4.4094453,57.719566
1608,-4.2081375,57.72324
1609,-3.4024806,57.734726
1610,-5.8282976,57.792484
1611,-5.626841,57.798412
1612,-5.4253073,57.804024
1613,-5.223701,57.809315
1614,-5.0220256,57.814285
1615,-4.8202863,57.81893
1616,-4.618487,57.82326
1617,-4.416631,57.82727
1618,-4.2147245,57.830956
1619,-4.01277,57.834324
1620,-7.050202,57.857582
1621,-6.848703,57.86546
1622,-5.637687,57.905994
1623,-5.4355536,57.91163
1624,-5.233347,57.91694
1625,-5.0310707,57.92193
1626,-4.828729,57.926598
1627,-4.6263275,57.930946
1628,-4.423869,57.93497
1629,-4.221359,57.93867
1630,-6.863233,57.972866
1631,-6.6610317,57.980453
1632,-5.243062,58.024563
1633,-5.04018,58.02957
1634,-4.837233,58.03426
1635,-4.6342244,58.038628
1636,-4.4311585,58.042667
1637,-4.2280407,58.046387
1638,-4.024874,58.049778
1639,-7.080566,58.07233
1640,-6.877867,58.080273
1641,-6.675063,58.08789
1642,-6.472158,58.09519
1643,-5.2528467,58.132183
1644,-5.0493555,58.137215
1645,-4.845798,58.141922
1646,-4.642178,58.146305
1647,-4.438501,58.150364
1648,-4.234771,58.154095
1649,-4.0309916,58.157505
1650,-3.8271685,58.160587
1651,-3.6233053,58.163345
1652,-7.0959115,58.1797
1653,-6.8926067,58.18767
1654,-6.6891956,58.195324
1655,-6.4856825,58.20265
1656,-5.262703,58.2398
1657,-5.058597,58.24485
1658,-4.8544245,58.24958
1659,-4.6501894,58.253983
1660,-4.445896,58.258057
1661,-4.2415495,58.261806
1662,-4.0371532,58.26523
1663,-3.8327127,58.268322
1664,-3.6282318,58.27109
1665,-3.4237149,58.273533
1666,-6.70343,58.30275
1667,-6.4993043,58.31011
1668,-5.067906,58.352486
1669,-4.863114,58.357235
1670,-4.658259,58.361656
1671,-4.4533453,58.365746
1672,-4.2483773,58.36951
1673,-4.04336,58.372948
1674,-3.8382974,58.376057
1675,-3.633194,58.378838
1676,-3.4280543,58.381287
1677,-3.2228835,58.38341
1678,-6.513025,58.417564
1679,-6.3081822,58.424625
1680,-5.077282,58.46012
1681,-4.8718667,58.464886
1682,-4.666387,58.469326
1683,-4.460849,58.473434
1684,-4.255255,58.477215
1685,-4.0496116,58.480667
1686,-3.8439226,58.483788
1687,-3.6381922,58.48658
1688,-3.4324255,58.48904
1689,-3.2266269,58.491173
1690,-5.0867267,58.56775
1691,-4.880683,58.572536
1692,-4.262183,58.584915
1693,-4.055909,58.588383
1694,-3.643227,58.594322
1695,-3.4368286,58.596794
1696,-3.2303977,58.598934
1697,-3.4502323,58.920036
1698,-3.241877,58.922203
1699,-3.24576,59.029957
1700,-3.039981,59.139553
1701,-1.3454616,60.004242
1702,-1.3433245,60.111996
1703,-1.557763,60.220642
1704,-1.3411711,60.219746
1705,-1.3390012,60.327496
1706,-1.3368145,60.43524
1707,-1.334611,60.542988
1708,-1.1158798,60.541718
1709,-1.1129295,60.649456
1710,-1.1099563,60.757195
